phase,trade_id,action,entry_time,exit_time,entry_price,exit_price,size,stop_loss,take_profit,pnl,pnl_pct,net_pnl,net_pnl_pct,exit_reason,conviction,regime,reasoning
baseline,BT-202501010400-0,SHORT,2025-01-01T04:00:00+00:00,2025-01-02T04:30:00+00:00,93810.0,95686.2,0.05329922,95686.2,89119.5,-99.99999656,-0.02,-109.09001625,-0.021818,STOP_LOSS,94,BEAR_TREND,"BEAR_TREND: state_conf=0.79, trend_strength=1.00, adx=17.1, hurst=1.00"
baseline,BT-202501032000-1,LONG,2025-01-03T20:00:00+00:00,2025-01-06T20:00:00+00:00,98545.6,101771.7,0.00581761,96574.688,103472.88,18.76819162,0.03273713,17.71936424,0.00354387,MAX_DURATION,95,BULL_TREND,"BULL_TREND: state_conf=1.00, trend_strength=1.00, adx=27.3, hurst=1.00"
baseline,BT-202501070000-2,LONG,2025-01-07T00:00:00+00:00,2025-01-07T14:45:00+00:00,102180.5,100136.89,0.04813803,100136.89,107289.525,-98.37535949,-0.02,-107.14062369,-0.02142812,STOP_LOSS,95,BULL_TREND,"BULL_TREND: state_conf=0.88, trend_strength=1.00, adx=35.8, hurst=1.00"
baseline,BT-202501081600-3,LONG,2025-01-08T16:00:00+00:00,2025-01-08T17:15:00+00:00,95449.9,93540.902,0.05050181,93540.902,100222.395,-96.40785429,-0.02,-104.99781338,-0.02099956,STOP_LOSS,95,BULL_TREND,"BULL_TREND: state_conf=1.00, trend_strength=1.00, adx=33.1, hurst=1.00"
baseline,BT-202501090000-4,LONG,2025-01-09T00:00:00+00:00,2025-01-09T08:00:00+00:00,95014.0,93113.72,0.04971883,93113.72,99764.7,-94.47969827,-0.02,-102.89785828,-0.02057957,STOP_LOSS,95,BULL_TREND,"BULL_TREND: state_conf=1.00, trend_strength=1.00, adx=35.2, hurst=1.00"
baseline,BT-202501091200-5,LONG,2025-01-09T12:00:00+00:00,2025-01-09T20:00:00+00:00,93414.3,91546.014,0.04955885,91546.014,98085.015,-92.59010563,-0.02,-100.83990256,-0.02016798,STOP_LOSS,95,BULL_TREND,"BULL_TREND: state_conf=1.00, trend_strength=1.00, adx=38.0, hurst=1.00"
baseline,BT-202501100000-6,LONG,2025-01-10T00:00:00+00:00,2025-01-13T00:00:00+00:00,92506.0,94499.9,0.04904455,90655.88,97131.3,97.78992824,0.02155428,89.53548961,0.0179071,MAX_DURATION,95,BULL_TREND,"BULL_TREND: state_conf=1.00, trend_strength=1.00, adx=39.5, hurst=1.00"
baseline,BT-202501130400-7,LONG,2025-01-13T04:00:00+00:00,2025-01-13T10:15:00+00:00,94215.4,92331.092,0.04919265,92331.092,98926.17,-92.69410394,-0.02,-100.95316714,-0.02019063,STOP_LOSS,91,BULL_TREND,"BULL_TREND: state_conf=0.56, trend_strength=1.00, adx=22.4, hurst=1.00"
baseline,BT-202501131600-8,LONG,2025-01-13T16:00:00+00:00,2025-01-14T09:30:00+00:00,92093.7,96698.385,0.04931945,90251.826,96698.385,227.10053162,0.05,218.72056743,0.04374411,TAKE_PROFIT,95,BULL_TREND,"BULL_TREND: state_conf=1.00, trend_strength=1.00, adx=23.5, hurst=1.00"
baseline,BT-202501151600-9,LONG,2025-01-15T16:00:00+00:00,2025-01-17T15:00:00+00:00,98943.3,103890.465,0.04820045,96964.434,103890.465,238.45557922,0.05,229.65661604,0.04593132,TAKE_PROFIT,95,BULL_TREND,"BULL_TREND: state_conf=1.00, trend_strength=1.00, adx=17.7, hurst=1.00"
baseline,BT-202501171600-10,LONG,2025-01-17T16:00:00+00:00,2025-01-19T22:45:00+00:00,103946.3,101867.374,0.04817456,101867.374,109143.615,-100.15134532,-0.02,-109.07485022,-0.02181497,STOP_LOSS,95,BULL_TREND,"BULL_TREND: state_conf=1.00, trend_strength=1.00, adx=23.7, hurst=1.00"
baseline,BT-202501250400-11,SHORT,2025-01-25T04:00:00+00:00,2025-01-27T05:45:00+00:00,105153.9,99896.205,0.04666889,107256.978,99896.205,245.37078961,0.05,236.75832397,0.04735166,TAKE_PROFIT,95,BEAR_TREND,"BEAR_TREND: state_conf=0.95, trend_strength=1.00, adx=12.3, hurst=1.00"
baseline,BT-202501271600-12,LONG,2025-01-27T16:00:00+00:00,2025-01-27T17:15:00+00:00,101070.8,99049.384,0.05098195,99049.384,106124.34,-103.05572944,-0.02,-112.23801555,-0.0224476,STOP_LOSS,95,BULL_TREND,"BULL_TREND: state_conf=1.00, trend_strength=1.00, adx=17.6, hurst=1.00"
baseline,BT-202501272000-13,LONG,2025-01-27T20:00:00+00:00,2025-01-29T20:15:00+00:00,99660.3,104643.315,0.05066943,97667.094,104643.315,252.48652973,0.05,243.16982728,0.04863397,TAKE_PROFIT,95,BULL_TREND,"BULL_TREND: state_conf=1.00, trend_strength=1.00, adx=17.7, hurst=1.00"
baseline,BT-202502010000-14,LONG,2025-02-01T00:00:00+00:00,2025-02-01T23:00:00+00:00,102379.8,100332.204,0.05178968,100332.204,107498.79,-106.04434161,-0.02,-115.49291366,-0.02309858,STOP_LOSS,95,BULL_TREND,"BULL_TREND: state_conf=1.00, trend_strength=1.00, adx=11.5, hurst=1.00"
baseline,BT-202502020000-15,LONG,2025-02-02T00:00:00+00:00,2025-02-02T11:45:00+00:00,100603.6,98591.528,0.05164997,98591.528,105633.78,-103.92345844,-0.02,-113.18305937,-0.02263661,STOP_LOSS,95,BULL_TREND,"BULL_TREND: state_conf=1.00, trend_strength=1.00, adx=13.0, hurst=1.00"
baseline,BT-202502021200-16,LONG,2025-02-02T12:00:00+00:00,2025-02-02T18:30:00+00:00,98811.5,96835.27,0.00340131,96835.27,103752.075,-6.72177086,-0.02,-7.32068199,-0.00146414,STOP_LOSS,95,BULL_TREND,"BULL_TREND: state_conf=1.00, trend_strength=1.00, adx=18.3, hurst=1.00"
baseline,BT-202502060000-17,SHORT,2025-02-06T00:00:00+00:00,2025-02-06T09:00:00+00:00,96553.2,98484.264,0.05267073,98484.264,91725.54,-101.71055056,-0.02,-110.95605994,-0.02219121,STOP_LOSS,95,BEAR_TREND,"BEAR_TREND: state_conf=1.00, trend_strength=1.00, adx=25.4, hurst=1.00"
baseline,BT-202502061200-18,SHORT,2025-02-06T12:00:00+00:00,2025-02-09T12:00:00+00:00,98826.3,96511.2,0.05043007,100802.826,93884.985,116.75065506,0.02342595,107.88488299,0.02157698,MAX_DURATION,95,BEAR_TREND,"BEAR_TREND: state_conf=0.99, trend_strength=1.00, adx=23.9, hurst=1.00"
baseline,BT-202502130000-19,SHORT,2025-02-13T00:00:00+00:00,2025-02-16T00:00:00+00:00,97816.3,97538.0,0.05214436,99772.626,92925.485,14.51177539,0.00284513,5.34381584,0.00106876,MAX_DURATION,95,BEAR_TREND,"BEAR_TREND: state_conf=0.95, trend_strength=1.00, adx=17.9, hurst=1.00"
baseline,BT-202502160400-20,SHORT,2025-02-16T04:00:00+00:00,2025-02-19T04:00:00+00:00,97504.8,95672.2,0.05245977,99454.896,92629.56,96.1377745,0.01879497,87.01717484,0.01740343,MAX_DURATION,95,BEAR_TREND,"BEAR_TREND: state_conf=1.00, trend_strength=1.00, adx=11.8, hurst=1.00"
baseline,BT-202502191200-21,LONG,2025-02-19T12:00:00+00:00,2025-02-22T12:00:00+00:00,96392.0,96526.5,0.01946259,94464.16,101211.6,2.61771835,0.00139534,-0.76150542,-0.0001523,MAX_DURATION,94,BULL_TREND,"BULL_TREND: state_conf=0.83, trend_strength=1.00, adx=15.7, hurst=1.00"
baseline,BT-202502230400-22,SHORT,2025-02-23T04:00:00+00:00,2025-02-24T23:30:00+00:00,96373.7,91555.015,0.03148631,98301.174,91555.015,151.7226097,0.05,146.39717645,0.02927944,TAKE_PROFIT,95,BEAR_TREND,"BEAR_TREND: state_conf=1.00, trend_strength=1.00, adx=14.3, hurst=1.00"
baseline,BT-202502250400-23,SHORT,2025-02-25T04:00:00+00:00,2025-02-25T10:00:00+00:00,92125.3,87519.035,0.05824196,93967.806,87519.035,268.27790188,0.05,258.86140118,0.05177228,TAKE_PROFIT,95,BEAR_TREND,"BEAR_TREND: state_conf=1.00, trend_strength=1.00, adx=23.7, hurst=1.00"
baseline,BT-202502260400-24,SHORT,2025-02-26T04:00:00+00:00,2025-02-26T18:30:00+00:00,88851.8,84409.21,0.06340711,90628.836,84409.21,281.69179281,0.05,271.80446723,0.05436089,TAKE_PROFIT,95,BEAR_TREND,"BEAR_TREND: state_conf=1.00, trend_strength=1.00, adx=38.9, hurst=1.00"
baseline,BT-202502270800-25,SHORT,2025-02-27T08:00:00+00:00,2025-02-28T01:30:00+00:00,86228.0,81916.6,0.06860332,87952.56,81916.6,295.77635385,0.05,285.39466298,0.05707893,TAKE_PROFIT,95,BEAR_TREND,"BEAR_TREND: state_conf=0.99, trend_strength=1.00, adx=48.9, hurst=1.00"
baseline,BT-202503091200-26,SHORT,2025-03-09T12:00:00+00:00,2025-03-09T22:45:00+00:00,84990.0,80740.5,0.07308276,86689.8,80740.5,310.56518862,0.05,299.66441261,0.05993288,TAKE_PROFIT,92,BEAR_TREND,"BEAR_TREND: state_conf=0.67, trend_strength=1.00, adx=16.8, hurst=1.00"
baseline,BT-202503100800-27,SHORT,2025-03-10T08:00:00+00:00,2025-03-10T09:15:00+00:00,82277.7,83923.254,0.07926654,83923.254,78163.815,-130.43737196,-0.02,-142.29415516,-0.02845883,STOP_LOSS,95,BEAR_TREND,"BEAR_TREND: state_conf=0.85, trend_strength=1.00, adx=26.5, hurst=1.00"
baseline,BT-202503151200-28,LONG,2025-03-15T12:00:00+00:00,2025-03-16T11:30:00+00:00,84054.7,82373.606,0.01870558,82373.606,88257.435,-31.4458383,-0.02,-34.24766879,-0.00684953,STOP_LOSS,95,BULL_TREND,"BULL_TREND: state_conf=1.00, trend_strength=1.00, adx=17.6, hurst=1.00"
baseline,BT-202503161200-29,LONG,2025-03-16T12:00:00+00:00,2025-03-19T12:00:00+00:00,82367.9,83848.5,0.07721437,80720.542,86486.295,114.32359622,0.01797545,102.77275394,0.02055455,MAX_DURATION,95,BULL_TREND,"BULL_TREND: state_conf=0.96, trend_strength=1.00, adx=13.9, hurst=1.00"
baseline,BT-202503211600-30,LONG,2025-03-21T16:00:00+00:00,2025-03-24T10:30:00+00:00,83525.9,87702.195,0.0775126,81855.382,87702.195,323.71548382,0.05,311.77044721,0.06235409,TAKE_PROFIT,95,BULL_TREND,"BULL_TREND: state_conf=0.99, trend_strength=1.00, adx=14.0, hurst=1.00"
baseline,BT-202503262000-31,LONG,2025-03-26T20:00:00+00:00,2025-03-28T11:00:00+00:00,86525.2,84794.696,0.07856699,84794.696,90851.46,-135.96049046,-0.02,-148.07459736,-0.02961492,STOP_LOSS,95,BULL_TREND,"BULL_TREND: state_conf=0.94, trend_strength=1.00, adx=25.9, hurst=1.00"
baseline,BT-202503281200-32,LONG,2025-03-28T12:00:00+00:00,2025-03-29T09:30:00+00:00,85214.0,83509.72,0.0781804,83509.72,89474.7,-133.24129211,-0.02,-145.11311789,-0.02902262,STOP_LOSS,95,BULL_TREND,"BULL_TREND: state_conf=1.00, trend_strength=1.00, adx=21.1, hurst=1.00"
baseline,BT-202503300400-33,LONG,2025-03-30T04:00:00+00:00,2025-03-31T00:30:00+00:00,83042.8,81381.944,0.01556676,81381.944,87194.94,-25.85414675,-0.02,-28.15775639,-0.00563155,STOP_LOSS,95,BULL_TREND,"BULL_TREND: state_conf=0.99, trend_strength=1.00, adx=33.6, hurst=1.00"
baseline,BT-202504051600-34,SHORT,2025-04-05T16:00:00+00:00,2025-04-06T22:00:00+00:00,82576.5,78447.675,0.0557556,84228.03,78447.675,230.20511517,0.05,222.12496167,0.04442499,TAKE_PROFIT,95,BEAR_TREND,"BEAR_TREND: state_conf=1.00, trend_strength=1.00, adx=11.1, hurst=1.00"
baseline,BT-202504072000-35,SHORT,2025-04-07T20:00:00+00:00,2025-04-07T22:00:00+00:00,78093.7,79655.574,0.08621917,79655.574,74189.015,-134.66347992,-0.02,-146.90441718,-0.02938088,STOP_LOSS,90,BEAR_TREND,"BEAR_TREND: state_conf=0.50, trend_strength=1.00, adx=23.5, hurst=1.00"
baseline,BT-202504080800-36,SHORT,2025-04-08T08:00:00+00:00,2025-04-09T01:00:00+00:00,79448.5,75476.075,0.08305394,81037.47,75476.075,329.9255476,0.05,318.34522687,0.06366905,TAKE_PROFIT,95,BEAR_TREND,"BEAR_TREND: state_conf=0.99, trend_strength=1.00, adx=20.6, hurst=1.00"
baseline,BT-202504091200-37,SHORT,2025-04-09T12:00:00+00:00,2025-04-09T13:30:00+00:00,76204.1,77728.182,0.09091947,77728.182,72393.895,-138.56872768,-0.02,-151.16465274,-0.03023293,STOP_LOSS,95,BEAR_TREND,"BEAR_TREND: state_conf=1.00, trend_strength=1.00, adx=21.8, hurst=1.00"
baseline,BT-202504091600-38,SHORT,2025-04-09T16:00:00+00:00,2025-04-09T17:15:00+00:00,77237.5,78782.25,0.08790895,78782.25,73375.625,-135.79735051,-0.02,-148.14135683,-0.02962827,STOP_LOSS,95,BEAR_TREND,"BEAR_TREND: state_conf=1.00, trend_strength=1.00, adx=21.6, hurst=1.00"
baseline,BT-202504102000-39,SHORT,2025-04-10T20:00:00+00:00,2025-04-11T06:45:00+00:00,79611.1,81203.322,0.08358219,81203.322,75630.545,-133.08140173,-0.02,-145.17852776,-0.02903571,STOP_LOSS,95,BEAR_TREND,"BEAR_TREND: state_conf=1.00, trend_strength=1.00, adx=18.0, hurst=1.00"
baseline,BT-202504110800-40,SHORT,2025-04-11T08:00:00+00:00,2025-04-11T10:30:00+00:00,81213.7,82837.974,0.08029419,82837.974,77153.015,-130.41976517,-0.02,-142.27494791,-0.02845499,STOP_LOSS,95,BEAR_TREND,"BEAR_TREND: state_conf=1.00, trend_strength=1.00, adx=15.0, hurst=1.00"
baseline,BT-202504111200-41,SHORT,2025-04-11T12:00:00+00:00,2025-04-11T17:30:00+00:00,82096.5,83738.43,0.07784216,83738.43,77991.675,-127.81137777,-0.02,-139.42945757,-0.02788589,STOP_LOSS,95,BEAR_TREND,"BEAR_TREND: state_conf=1.00, trend_strength=1.00, adx=15.0, hurst=1.00"
baseline,BT-202504120000-42,SHORT,2025-04-12T00:00:00+00:00,2025-04-12T14:30:00+00:00,83378.3,85045.866,0.07511256,85045.866,79209.385,-125.25515123,-0.02,-136.64086953,-0.02732817,STOP_LOSS,95,BEAR_TREND,"BEAR_TREND: state_conf=1.00, trend_strength=1.00, adx=16.1, hurst=1.00"
baseline,BT-202504121600-43,SHORT,2025-04-12T16:00:00+00:00,2025-04-15T16:00:00+00:00,84974.1,84871.9,0.07222792,86673.582,80725.395,7.38169342,0.00120272,-3.65916607,-0.00073183,MAX_DURATION,95,BEAR_TREND,"BEAR_TREND: state_conf=1.00, trend_strength=1.00, adx=18.2, hurst=1.00"
baseline,BT-202504180800-44,SHORT,2025-04-18T08:00:00+00:00,2025-04-21T00:15:00+00:00,84622.9,86315.358,0.06208575,86315.358,80391.755,-105.07752427,-0.02,-114.62909225,-0.02292582,STOP_LOSS,95,BEAR_TREND,"BEAR_TREND: state_conf=1.00, trend_strength=1.00, adx=19.3, hurst=1.00"
baseline,BT-202504222000-45,LONG,2025-04-22T20:00:00+00:00,2025-04-25T20:00:00+00:00,91356.3,95229.3,0.06611264,89529.174,95924.115,256.05425472,0.04239445,244.95220599,0.04899044,MAX_DURATION,95,BULL_TREND,"BULL_TREND: state_conf=1.00, trend_strength=1.00, adx=32.8, hurst=1.00"
baseline,BT-202504260000-46,LONG,2025-04-26T00:00:00+00:00,2025-04-29T00:00:00+00:00,94591.8,94969.0,0.06655821,92699.964,99321.39,25.10575681,0.00398766,13.75061705,0.00275012,MAX_DURATION,95,BULL_TREND,"BULL_TREND: state_conf=0.98, trend_strength=1.00, adx=42.9, hurst=1.00"
baseline,BT-202504291600-47,LONG,2025-04-29T16:00:00+00:00,2025-04-30T14:00:00+00:00,94790.6,92894.788,0.06668347,92894.788,99530.13,-126.41932263,-0.02,-137.68330956,-0.02753666,STOP_LOSS,94,BULL_TREND,"BULL_TREND: state_conf=0.68, trend_strength=1.00, adx=28.5, hurst=1.00"
baseline,BT-202505011200-48,LONG,2025-05-01T12:00:00+00:00,2025-05-04T12:00:00+00:00,96130.0,95376.0,0.06443927,94207.4,100936.5,-48.58720958,-0.00784355,-59.69367545,-0.01193874,MAX_DURATION,95,BULL_TREND,"BULL_TREND: state_conf=1.00, trend_strength=1.00, adx=19.6, hurst=1.00"
baseline,BT-202505070000-49,LONG,2025-05-07T00:00:00+00:00,2025-05-08T17:15:00+00:00,96798.9,101638.845,0.06349204,94862.922,101638.845,307.29798154,0.05,295.95874748,0.05919175,TAKE_PROFIT,95,BULL_TREND,"BULL_TREND: state_conf=0.93, trend_strength=1.00, adx=23.6, hurst=1.00"
baseline,BT-202505082000-50,LONG,2025-05-08T20:00:00+00:00,2025-05-11T20:00:00+00:00,101254.3,104373.8,0.06373317,99229.214,106317.015,198.81562382,0.03080857,187.02086599,0.03740417,MAX_DURATION,95,BULL_TREND,"BULL_TREND: state_conf=1.00, trend_strength=1.00, adx=30.8, hurst=1.00"
baseline,BT-202505120400-51,LONG,2025-05-12T04:00:00+00:00,2025-05-12T18:00:00+00:00,104064.0,101982.72,0.06392291,101982.72,109267.2,-133.04147412,-0.02,-144.89549608,-0.0289791,STOP_LOSS,95,BULL_TREND,"BULL_TREND: state_conf=0.78, trend_strength=1.00, adx=58.6, hurst=1.00"
baseline,BT-202505122000-52,LONG,2025-05-12T20:00:00+00:00,2025-05-15T20:00:00+00:00,101812.9,103107.1,0.06402953,99776.642,106903.545,82.86701773,0.01271155,71.05819614,0.01421164,MAX_DURATION,95,BULL_TREND,"BULL_TREND: state_conf=0.99, trend_strength=1.00, adx=54.2, hurst=1.00"
baseline,BT-202505190400-53,LONG,2025-05-19T04:00:00+00:00,2025-05-21T14:45:00+00:00,103569.5,108747.975,0.06374366,101498.11,108747.975,330.09494972,0.05,317.91451209,0.0635829,TAKE_PROFIT,93,BULL_TREND,"BULL_TREND: state_conf=0.70, trend_strength=1.00, adx=17.8, hurst=1.00"
baseline,BT-202505231600-54,LONG,2025-05-23T16:00:00+00:00,2025-05-25T09:30:00+00:00,108892.5,106714.65,0.06365906,106714.65,114337.125,-138.63988382,-0.02,-150.9927252,-0.03019855,STOP_LOSS,95,BULL_TREND,"BULL_TREND: state_conf=0.91, trend_strength=1.00, adx=35.7, hurst=1.00"
baseline,BT-202505260000-55,LONG,2025-05-26T00:00:00+00:00,2025-05-28T20:00:00+00:00,108956.0,106776.88,0.06234952,106776.88,114403.8,-135.86708602,-0.02,-147.97287056,-0.02959457,STOP_LOSS,95,BULL_TREND,"BULL_TREND: state_conf=0.97, trend_strength=1.00, adx=20.3, hurst=1.00"
baseline,BT-202505290000-56,LONG,2025-05-29T00:00:00+00:00,2025-05-29T23:45:00+00:00,107723.1,105568.638,0.06180185,105568.638,113109.255,-133.14973735,-0.02,-145.01340558,-0.02900268,STOP_LOSS,95,BULL_TREND,"BULL_TREND: state_conf=0.96, trend_strength=1.00, adx=20.7, hurst=1.00"
baseline,BT-202505302000-57,LONG,2025-05-30T20:00:00+00:00,2025-06-02T20:00:00+00:00,104597.6,104366.5,0.06237559,102505.648,109827.48,-14.41499885,-0.00220942,-26.14583486,-0.00522917,MAX_DURATION,95,BULL_TREND,"BULL_TREND: state_conf=0.71, trend_strength=1.00, adx=31.4, hurst=1.00"
baseline,BT-202506040000-58,SHORT,2025-06-04T00:00:00+00:00,2025-06-07T00:00:00+00:00,105330.1,104240.1,0.00908533,107436.702,100063.595,9.9030097,0.01034842,8.1893987,0.00163788,MAX_DURATION,95,BEAR_TREND,"BEAR_TREND: state_conf=0.97, trend_strength=1.00, adx=22.9, hurst=1.00"
baseline,BT-202506110000-59,LONG,2025-06-11T00:00:00+00:00,2025-06-11T22:15:00+00:00,110235.4,108030.692,0.05914457,108030.692,115747.17,-130.39650664,-0.02,-142.01486146,-0.02840297,STOP_LOSS,94,BULL_TREND,"BULL_TREND: state_conf=0.70, trend_strength=1.00, adx=29.4, hurst=1.00"
baseline,BT-202506141600-60,SHORT,2025-06-14T16:00:00+00:00,2025-06-16T07:30:00+00:00,104783.4,106879.068,0.00567091,106879.068,99544.23,-11.88434462,-0.02,-12.96463392,-0.00259293,STOP_LOSS,95,BEAR_TREND,"BEAR_TREND: state_conf=0.89, trend_strength=1.00, adx=25.5, hurst=1.00"
baseline,BT-202507080000-61,LONG,2025-07-08T00:00:00+00:00,2025-07-10T17:30:00+00:00,108203.9,113614.095,0.01697474,106039.822,113614.095,91.83665347,0.05,88.44789933,0.01768958,TAKE_PROFIT,93,BULL_TREND,"BULL_TREND: state_conf=0.77, trend_strength=1.00, adx=15.0, hurst=1.00"
baseline,BT-202507120400-62,LONG,2025-07-12T04:00:00+00:00,2025-07-15T04:00:00+00:00,117730.0,117209.2,0.054951,115375.4,123616.5,-28.6184808,-0.00442368,-40.2376161,-0.00804752,MAX_DURATION,95,BULL_TREND,"BULL_TREND: state_conf=1.00, trend_strength=1.00, adx=46.1, hurst=1.00"
baseline,BT-202507180000-63,LONG,2025-07-18T00:00:00+00:00,2025-07-18T20:30:00+00:00,119176.5,116792.97,0.0540439,116792.97,125135.325,-128.81525697,-0.02,-140.29272213,-0.02805854,STOP_LOSS,91,BULL_TREND,"BULL_TREND: state_conf=0.54, trend_strength=1.00, adx=25.9, hurst=1.00"
baseline,BT-202507272000-64,LONG,2025-07-27T20:00:00+00:00,2025-07-30T18:45:00+00:00,118953.3,116574.234,0.03947842,116574.234,124900.965,-93.92176676,-0.02,-102.29021496,-0.02045804,STOP_LOSS,91,BULL_TREND,"BULL_TREND: state_conf=0.64, trend_strength=1.00, adx=11.7, hurst=1.00"
baseline,BT-202507302000-65,SHORT,2025-07-30T20:00:00+00:00,2025-08-02T20:00:00+00:00,116865.2,112175.5,0.05320682,119202.504,111021.94,249.52402375,0.04012914,238.55619909,0.04771124,MAX_DURATION,95,BEAR_TREND,"BEAR_TREND: state_conf=0.86, trend_strength=1.00, adx=12.8, hurst=1.00"
baseline,BT-202508241200-66,SHORT,2025-08-24T12:00:00+00:00,2025-08-26T00:45:00+00:00,114701.9,108966.805,0.01674656,116995.938,108966.805,96.04311252,0.05,92.67201848,0.0185344,TAKE_PROFIT,95,BEAR_TREND,"BEAR_TREND: state_conf=0.82, trend_strength=1.00, adx=19.4, hurst=1.00"
baseline,BT-202508281200-67,SHORT,2025-08-28T12:00:00+00:00,2025-08-31T12:00:00+00:00,112876.5,108350.0,0.05814844,115134.03,107232.675,263.20891366,0.04010135,251.63138803,0.05032628,MAX_DURATION,93,BEAR_TREND,"BEAR_TREND: state_conf=0.71, trend_strength=1.00, adx=21.7, hurst=1.00"
baseline,BT-202509010400-68,SHORT,2025-09-01T04:00:00+00:00,2025-09-01T08:00:00+00:00,107619.1,109771.482,0.06343485,109771.482,102238.145,-136.53602931,-0.02,-148.94718168,-0.02978944,STOP_LOSS,95,BEAR_TREND,"BEAR_TREND: state_conf=0.87, trend_strength=1.00, adx=21.6, hurst=1.00"
baseline,BT-202509170800-69,LONG,2025-09-17T08:00:00+00:00,2025-09-17T18:45:00+00:00,117120.5,114778.09,0.01816509,114778.09,122976.525,-42.55008847,-0.02,-46.34130986,-0.00926826,STOP_LOSS,95,BULL_TREND,"BULL_TREND: state_conf=1.00, trend_strength=1.00, adx=22.0, hurst=1.00"
baseline,BT-202509180400-70,LONG,2025-09-18T04:00:00+00:00,2025-09-19T19:30:00+00:00,117531.3,115180.674,0.02867655,115180.674,123407.865,-67.40784402,-0.02,-73.4138964,-0.01468278,STOP_LOSS,95,BULL_TREND,"BULL_TREND: state_conf=1.00, trend_strength=1.00, adx=17.9, hurst=1.00"
baseline,BT-202510090000-71,LONG,2025-10-09T00:00:00+00:00,2025-10-09T14:45:00+00:00,123237.4,120772.652,0.05339538,120772.652,129399.27,-131.60615606,-0.02,-143.33229089,-0.02866646,STOP_LOSS,93,BULL_TREND,"BULL_TREND: state_conf=0.62, trend_strength=1.00, adx=33.1, hurst=1.00"
baseline,BT-202510100800-72,LONG,2025-10-10T08:00:00+00:00,2025-10-10T15:30:00+00:00,120886.1,118468.378,0.05334527,118468.378,126930.405,-128.97403287,-0.02,-140.465645,-0.02809313,STOP_LOSS,95,BULL_TREND,"BULL_TREND: state_conf=0.82, trend_strength=1.00, adx=20.1, hurst=1.00"
baseline,BT-202510121600-73,LONG,2025-10-12T16:00:00+00:00,2025-10-14T10:00:00+00:00,113119.0,110856.62,0.05586796,110856.62,118774.95,-126.39455534,-0.02,-137.6563355,-0.02753127,STOP_LOSS,95,BULL_TREND,"BULL_TREND: state_conf=1.00, trend_strength=1.00, adx=46.2, hurst=1.00"
baseline,BT-202510141200-74,LONG,2025-10-14T12:00:00+00:00,2025-10-16T15:30:00+00:00,111241.4,109016.572,0.05567471,109016.572,116803.47,-123.8666537,-0.02,-134.90319732,-0.02698064,STOP_LOSS,95,BULL_TREND,"BULL_TREND: state_conf=0.96, trend_strength=1.00, adx=41.6, hurst=1.00"
baseline,BT-202510170400-75,LONG,2025-10-17T04:00:00+00:00,2025-10-17T06:30:00+00:00,109121.9,106939.462,0.00700824,106939.462,114577.995,-15.29504929,-0.02,-16.65784124,-0.00333157,STOP_LOSS,95,BULL_TREND,"BULL_TREND: state_conf=0.77, trend_strength=1.00, adx=41.0, hurst=1.00"
baseline,BT-202510191600-76,SHORT,2025-10-19T16:00:00+00:00,2025-10-20T05:15:00+00:00,108429.6,110598.192,0.05583504,110598.192,103008.12,-121.08342106,-0.02,-132.08992826,-0.02641799,STOP_LOSS,95,BEAR_TREND,"BEAR_TREND: state_conf=1.00, trend_strength=1.00, adx=41.4, hurst=1.00"
baseline,BT-202510200800-77,SHORT,2025-10-20T08:00:00+00:00,2025-10-21T15:45:00+00:00,111126.2,113348.724,0.05339054,113348.724,105569.89,-118.66175652,-0.02,-129.44813392,-0.02588963,STOP_LOSS,95,BEAR_TREND,"BEAR_TREND: state_conf=1.00, trend_strength=1.00, adx=32.7, hurst=1.00"
baseline,BT-202510212000-78,SHORT,2025-10-21T20:00:00+00:00,2025-10-24T20:00:00+00:00,111720.7,110571.4,0.0520443,113955.114,106134.665,59.81451399,0.01028726,49.40239289,0.00988048,MAX_DURATION,95,BEAR_TREND,"BEAR_TREND: state_conf=1.00, trend_strength=1.00, adx=24.7, hurst=1.00"
baseline,BT-202510250000-79,SHORT,2025-10-25T00:00:00+00:00,2025-10-26T11:30:00+00:00,110965.4,113184.708,0.05293759,113184.708,105417.13,-117.48481699,-0.02,-128.16421035,-0.02563284,STOP_LOSS,95,BEAR_TREND,"BEAR_TREND: state_conf=1.00, trend_strength=1.00, adx=15.3, hurst=1.00"
baseline,BT-202511050800-80,SHORT,2025-11-05T08:00:00+00:00,2025-11-05T16:45:00+00:00,101946.2,103985.124,0.00559039,103985.124,96848.89,-11.39838034,-0.02,-12.43449539,-0.0024869,STOP_LOSS,95,BEAR_TREND,"BEAR_TREND: state_conf=1.00, trend_strength=1.00, adx=37.4, hurst=1.00"
baseline,BT-202511060000-81,SHORT,2025-11-06T00:00:00+00:00,2025-11-09T00:00:00+00:00,103837.0,102269.3,0.03900803,105913.74,98645.15,61.15288863,0.0150977,53.9170802,0.01078342,MAX_DURATION,95,BEAR_TREND,"BEAR_TREND: state_conf=1.00, trend_strength=1.00, adx=37.7, hurst=1.00"
baseline,BT-202511091600-82,SHORT,2025-11-09T16:00:00+00:00,2025-11-10T00:30:00+00:00,103715.8,105790.116,0.05598482,105790.116,98530.01,-116.13020788,-0.02,-126.68646701,-0.02533729,STOP_LOSS,95,BEAR_TREND,"BEAR_TREND: state_conf=0.97, trend_strength=1.00, adx=26.5, hurst=1.00"
baseline,BT-202511100400-83,SHORT,2025-11-10T04:00:00+00:00,2025-11-13T04:00:00+00:00,105990.6,102088.0,0.05368759,108110.412,100691.07,209.52118873,0.03682025,199.46711593,0.03989342,MAX_DURATION,93,BEAR_TREND,"BEAR_TREND: state_conf=0.65, trend_strength=1.00, adx=24.7, hurst=1.00"
baseline,BT-202511130800-84,SHORT,2025-11-13T08:00:00+00:00,2025-11-13T18:30:00+00:00,103430.9,98259.355,0.05704196,105499.518,98259.355,294.99506303,0.05,284.64079531,0.05692816,TAKE_PROFIT,95,BEAR_TREND,"BEAR_TREND: state_conf=1.00, trend_strength=1.00, adx=14.4, hurst=1.00"
baseline,BT-202511140000-85,SHORT,2025-11-14T00:00:00+00:00,2025-11-14T12:30:00+00:00,99654.3,94671.585,0.06216386,101647.386,94671.585,309.74479768,0.05,298.87281723,0.05977456,TAKE_PROFIT,95,BEAR_TREND,"BEAR_TREND: state_conf=1.00, trend_strength=1.00, adx=15.7, hurst=1.00"
baseline,BT-202511150400-86,SHORT,2025-11-15T04:00:00+00:00,2025-11-17T19:45:00+00:00,96388.5,91569.075,0.06748358,98316.27,91569.075,325.23205254,0.05,313.81647254,0.06276329,TAKE_PROFIT,95,BEAR_TREND,"BEAR_TREND: state_conf=1.00, trend_strength=1.00, adx=28.0, hurst=1.00"
baseline,BT-202511300800-87,SHORT,2025-11-30T08:00:00+00:00,2025-12-01T03:00:00+00:00,90924.5,86378.275,0.07511587,92742.99,86378.275,341.49364609,0.05,329.50728741,0.06590146,TAKE_PROFIT,95,BEAR_TREND,"BEAR_TREND: state_conf=0.93, trend_strength=1.00, adx=17.2, hurst=1.00"
baseline,BT-202512060000-88,LONG,2025-12-06T00:00:00+00:00,2025-12-09T00:00:00+00:00,89253.49,90692.04,0.08034831,87468.4202,93716.1645,115.58506135,0.01611758,102.57259716,0.02051452,MAX_DURATION,92,BULL_TREND,"BULL_TREND: state_conf=0.60, trend_strength=1.00, adx=23.1, hurst=1.00"
baseline,BT-202512111600-89,SHORT,2025-12-11T16:00:00+00:00,2025-12-11T20:45:00+00:00,89828.25,91624.815,0.00097345,91624.815,85336.8375,-1.7488662,-0.02,-1.90783849,-0.00038157,STOP_LOSS,95,BEAR_TREND,"BEAR_TREND: state_conf=1.00, trend_strength=1.00, adx=18.7, hurst=1.00"
baseline,BT-202512131200-90,SHORT,2025-12-13T12:00:00+00:00,2025-12-15T17:30:00+00:00,90438.1,85916.195,0.05848262,92246.862,85916.195,264.45285179,0.05,255.17060958,0.05103412,TAKE_PROFIT,95,BEAR_TREND,"BEAR_TREND: state_conf=0.99, trend_strength=1.00, adx=14.9, hurst=1.00"
baseline,BT-202512170000-91,LONG,2025-12-17T00:00:00+00:00,2025-12-17T18:30:00+00:00,87846.93,86089.9914,0.00309388,86089.9914,92239.2765,-5.4357572,-0.02,-5.92008425,-0.00118402,STOP_LOSS,92,BULL_TREND,"BULL_TREND: state_conf=0.58, trend_strength=1.00, adx=23.0, hurst=1.00"
baseline,BT-202512181200-92,LONG,2025-12-18T12:00:00+00:00,2025-12-18T19:00:00+00:00,87214.94,85470.6412,0.08650147,85470.6412,91575.687,-150.88441032,-0.02,-164.32824146,-0.03286565,STOP_LOSS,95,BULL_TREND,"BULL_TREND: state_conf=0.92, trend_strength=1.00, adx=17.4, hurst=1.00"
baseline,BT-202512190400-93,LONG,2025-12-19T04:00:00+00:00,2025-12-22T04:00:00+00:00,87010.14,88800.46,0.08497097,85269.9372,91360.647,152.12522701,0.02057599,138.68033994,0.02773607,MAX_DURATION,95,BULL_TREND,"BULL_TREND: state_conf=0.90, trend_strength=1.00, adx=15.6, hurst=1.00"
baseline,BT-202512300400-94,SHORT,2025-12-30T04:00:00+00:00,2025-12-30T15:45:00+00:00,87273.87,89019.3474,0.08645728,89019.3474,82910.1765,-150.90922831,-0.02,-164.62690734,-0.03292538,STOP_LOSS,95,BEAR_TREND,"BEAR_TREND: state_conf=1.00, trend_strength=1.00, adx=12.9, hurst=1.00"
baseline,BT-202512302000-95,SHORT,2025-12-30T20:00:00+00:00,2026-01-02T14:45:00+00:00,88155.73,89918.8446,0.030197,89918.8446,83747.9435,-53.24077158,-0.02,-58.08036836,-0.01161607,STOP_LOSS,89,BEAR_TREND,"BEAR_TREND: state_conf=0.37, trend_strength=1.00, adx=12.5, hurst=1.00"
baseline,BT-202602220400-96,SHORT,2026-02-22T04:00:00+00:00,2026-02-23T01:45:00+00:00,68049.17,64646.7115,0.10788245,69410.1534,64646.7115,367.065559,0.05,354.1816313,0.07083633,TAKE_PROFIT,92,BEAR_TREND,"BEAR_TREND: state_conf=0.72, trend_strength=1.00, adx=9.2, hurst=1.00"
baseline,BT-202602241200-97,SHORT,2026-02-24T12:00:00+00:00,2026-02-24T16:00:00+00:00,63133.23,64395.8946,0.12209698,64395.8946,59976.5685,-154.16753441,-0.02,-168.18139412,-0.03363628,STOP_LOSS,95,BEAR_TREND,"BEAR_TREND: state_conf=1.00, trend_strength=1.00, adx=29.5, hurst=1.00"
baseline,BT-202602242000-98,SHORT,2026-02-24T20:00:00+00:00,2026-02-25T01:00:00+00:00,64479.62,65769.2124,0.11715654,65769.2124,61255.639,-151.08418359,-0.02,-164.8177661,-0.03296355,STOP_LOSS,95,BEAR_TREND,"BEAR_TREND: state_conf=1.00, trend_strength=1.00, adx=31.1, hurst=1.00"
baseline,BT-202602250400-99,SHORT,2026-02-25T04:00:00+00:00,2026-02-25T14:30:00+00:00,65385.66,66693.3732,0.11322245,66693.3732,62116.377,-148.0624924,-0.02,-161.52140257,-0.03230428,STOP_LOSS,95,BEAR_TREND,"BEAR_TREND: state_conf=0.99, trend_strength=1.00, adx=29.4, hurst=1.00"
baseline,BT-202602260800-100,LONG,2026-02-26T08:00:00+00:00,2026-02-27T11:15:00+00:00,67882.96,66525.3008,0.10687605,66525.3008,71277.108,-145.10125254,-0.02,-158.02980316,-0.03160596,STOP_LOSS,95,BULL_TREND,"BULL_TREND: state_conf=1.00, trend_strength=1.00, adx=28.9, hurst=1.00"
baseline,BT-202602271200-101,LONG,2026-02-27T12:00:00+00:00,2026-02-28T06:15:00+00:00,66101.94,64779.9012,0.10756055,64779.9012,69407.037,-142.19922045,-0.02,-154.86919943,-0.03097384,STOP_LOSS,95,BULL_TREND,"BULL_TREND: state_conf=1.00, trend_strength=1.00, adx=24.4, hurst=1.00"
baseline,BT-202602281200-102,SHORT,2026-02-28T12:00:00+00:00,2026-02-28T13:45:00+00:00,63966.56,65245.8912,0.10892819,65245.8912,60768.232,-139.35523203,-0.02,-152.02265049,-0.03040453,STOP_LOSS,95,BEAR_TREND,"BEAR_TREND: state_conf=1.00, trend_strength=1.00, adx=23.5, hurst=1.00"
baseline,BT-202602281600-103,SHORT,2026-02-28T16:00:00+00:00,2026-02-28T19:30:00+00:00,64859.17,66156.3534,0.10528051,66156.3534,61616.2115,-136.56812992,-0.02,-148.98220024,-0.02979644,STOP_LOSS,95,BEAR_TREND,"BEAR_TREND: state_conf=1.00, trend_strength=1.00, adx=23.4, hurst=1.00"
baseline,BT-202603011200-104,LONG,2026-03-01T12:00:00+00:00,2026-03-01T20:30:00+00:00,66530.53,65199.9194,0.10058297,65199.9194,69857.0565,-133.83676606,-0.02,-145.76164868,-0.02915233,STOP_LOSS,95,BULL_TREND,"BULL_TREND: state_conf=0.99, trend_strength=1.00, adx=18.0, hurst=1.00"
baseline,BT-202603020000-105,LONG,2026-03-02T00:00:00+00:00,2026-03-02T15:30:00+00:00,65958.92,69256.866,0.09942555,64639.7416,69256.866,327.90009492,0.05,315.800647,0.06316013,TAKE_PROFIT,92,BULL_TREND,"BULL_TREND: state_conf=0.68, trend_strength=1.00, adx=15.5, hurst=1.00"
baseline,BT-202603030400-106,LONG,2026-03-03T04:00:00+00:00,2026-03-03T08:45:00+00:00,68387.57,67019.8186,0.10068938,67019.8186,71806.9485,-137.71804046,-0.02,-149.98874541,-0.02999775,STOP_LOSS,95,BULL_TREND,"BULL_TREND: state_conf=1.00, trend_strength=1.00, adx=15.4, hurst=1.00"
baseline,BT-202603031200-107,LONG,2026-03-03T12:00:00+00:00,2026-03-04T08:45:00+00:00,67103.69,70458.8745,0.10056353,65761.6162,70458.8745,337.40919712,0.05,324.95886523,0.06499177,TAKE_PROFIT,95,BULL_TREND,"BULL_TREND: state_conf=0.99, trend_strength=1.00, adx=14.3, hurst=1.00"
baseline,BT-202603051600-108,LONG,2026-03-05T16:00:00+00:00,2026-03-06T12:00:00+00:00,71451.42,70022.3916,0.09916658,70022.3916,75023.991,-141.71185915,-0.02,-154.33841414,-0.03086768,STOP_LOSS,95,BULL_TREND,"BULL_TREND: state_conf=1.00, trend_strength=1.00, adx=21.3, hurst=1.00"
baseline,BT-202603070000-109,LONG,2026-03-07T00:00:00+00:00,2026-03-08T04:45:00+00:00,68187.44,66823.6912,0.10183519,66823.6912,71596.812,-138.87761816,-0.02,-151.25164171,-0.03025033,STOP_LOSS,95,BULL_TREND,"BULL_TREND: state_conf=0.98, trend_strength=1.00, adx=18.6, hurst=1.00"
baseline,BT-202603080800-110,SHORT,2026-03-08T08:00:00+00:00,2026-03-09T13:15:00+00:00,67349.08,68696.0616,0.10104078,68696.0616,63981.626,-136.10007151,-0.02,-148.47159523,-0.02969432,STOP_LOSS,95,BEAR_TREND,"BEAR_TREND: state_conf=0.81, trend_strength=1.00, adx=24.5, hurst=1.00"
baseline,BT-202603092000-111,LONG,2026-03-09T20:00:00+00:00,2026-03-12T20:00:00+00:00,68987.22,70476.49,0.09666868,67607.4756,72436.581,143.96576506,0.02158762,131.83219838,0.02636644,MAX_DURATION,95,BULL_TREND,"BULL_TREND: state_conf=0.94, trend_strength=1.00, adx=23.3, hurst=1.00"
baseline,BT-202603141200-112,LONG,2026-03-14T12:00:00+00:00,2026-03-16T03:30:00+00:00,70726.48,74262.804,0.01242618,69311.9504,74262.804,43.94299856,0.05,42.3215107,0.0084643,TAKE_PROFIT,95,BULL_TREND,"BULL_TREND: state_conf=0.92, trend_strength=1.00, adx=25.0, hurst=1.00"
baseline,BT-202603220000-113,SHORT,2026-03-22T00:00:00+00:00,2026-03-23T11:00:00+00:00,68858.41,70235.5782,0.09957843,70235.5782,65415.4895,-137.1362472,-0.02,-149.6019595,-0.02992039,STOP_LOSS,95,BEAR_TREND,"BEAR_TREND: state_conf=1.00, trend_strength=1.00, adx=27.9, hurst=1.00"
baseline,BT-202603231600-114,LONG,2026-03-23T16:00:00+00:00,2026-03-26T15:15:00+00:00,70144.47,68741.5806,0.09579766,68741.5806,73651.6935,-134.39352176,-0.02,-146.36801143,-0.0292736,STOP_LOSS,95,BULL_TREND,"BULL_TREND: state_conf=0.78, trend_strength=1.00, adx=32.7, hurst=1.00"
baseline,BT-202603262000-115,SHORT,2026-03-26T20:00:00+00:00,2026-03-29T20:00:00+00:00,68557.17,66435.87,0.09605534,69928.3134,65129.3115,203.76219274,0.03094206,192.09211138,0.03841842,MAX_DURATION,95,BEAR_TREND,"BEAR_TREND: state_conf=1.00, trend_strength=1.00, adx=17.6, hurst=1.00"
baseline,BT-202603301200-116,SHORT,2026-03-30T12:00:00+00:00,2026-04-01T06:30:00+00:00,67627.65,68980.203,0.06746113,68980.203,64246.2675,-91.24475376,-0.02,-99.53892013,-0.01990778,STOP_LOSS,95,BEAR_TREND,"BEAR_TREND: state_conf=0.77, trend_strength=1.00, adx=33.6, hurst=1.00"
baseline,BT-202604011600-117,SHORT,2026-04-01T16:00:00+00:00,2026-04-01T23:45:00+00:00,68876.9,68086.5,0.09014431,70254.438,65433.055,71.25006262,0.01147555,60.1382528,0.01202765,FORCED_FINAL_CLOSE,95,BEAR_TREND,"BEAR_TREND: state_conf=1.00, trend_strength=1.00, adx=18.7, hurst=1.00"
training,BT-202501010400-0,SHORT,2025-01-01T04:00:00+00:00,2025-01-02T04:30:00+00:00,93810.0,95686.2,0.01998721,95686.2,88181.4,-37.5000034,-0.02,-40.90876121,-0.00818175,STOP_LOSS,91,BEAR_TREND,"BEAR_TREND: state_conf=0.61, trend_strength=1.00, adx=17.1, hurst=1.00"
training,BT-202501081600-1,LONG,2025-01-08T16:00:00+00:00,2025-01-08T17:15:00+00:00,95449.9,93540.902,0.01949648,93540.902,101176.894,-37.21874133,-0.02,-40.53493862,-0.00810699,STOP_LOSS,95,BULL_TREND,"BULL_TREND: state_conf=1.00, trend_strength=1.00, adx=33.1, hurst=1.00"
training,BT-202501090000-2,LONG,2025-01-09T00:00:00+00:00,2025-01-09T08:00:00+00:00,95014.0,93113.72,0.01943903,93113.72,100714.84,-36.93959993,-0.02,-40.23092567,-0.00804619,STOP_LOSS,95,BULL_TREND,"BULL_TREND: state_conf=1.00, trend_strength=1.00, adx=35.2, hurst=1.00"
training,BT-202501091200-3,LONG,2025-01-09T12:00:00+00:00,2025-01-09T20:00:00+00:00,93414.3,91546.014,0.01962363,91546.014,99019.158,-36.6625532,-0.02,-39.92919402,-0.00798584,STOP_LOSS,95,BULL_TREND,"BULL_TREND: state_conf=1.00, trend_strength=1.00, adx=38.0, hurst=1.00"
training,BT-202501100000-4,LONG,2025-01-10T00:00:00+00:00,2025-01-12T00:00:00+00:00,92506.0,94562.4,0.01966769,90655.88,98056.36,40.44463772,0.02222991,37.13336283,0.00742667,MAX_DURATION,95,BULL_TREND,"BULL_TREND: state_conf=1.00, trend_strength=1.00, adx=39.5, hurst=1.00"
training,BT-202501130400-5,LONG,2025-01-13T04:00:00+00:00,2025-01-13T10:15:00+00:00,94215.4,92331.092,0.01947183,92331.092,99868.324,-36.69092504,-0.02,-39.9600938,-0.00799202,STOP_LOSS,91,BULL_TREND,"BULL_TREND: state_conf=0.52, trend_strength=1.00, adx=22.4, hurst=1.00"
training,BT-202501131600-6,LONG,2025-01-13T16:00:00+00:00,2025-01-15T04:00:00+00:00,92093.7,97619.322,0.01977103,90251.826,97619.322,109.24723833,0.06,105.87152052,0.0211743,TAKE_PROFIT,95,BULL_TREND,"BULL_TREND: state_conf=1.00, trend_strength=1.00, adx=23.5, hurst=1.00"
training,BT-202501151600-7,LONG,2025-01-15T16:00:00+00:00,2025-01-17T16:00:00+00:00,98943.3,103946.3,0.01881638,96964.434,104879.898,94.13834914,0.05056431,90.70248494,0.0181405,MAX_DURATION,95,BULL_TREND,"BULL_TREND: state_conf=1.00, trend_strength=1.00, adx=17.7, hurst=1.00"
training,BT-202501180000-8,LONG,2025-01-18T00:00:00+00:00,2025-01-19T22:45:00+00:00,104042.6,101961.748,0.01823346,101961.748,110285.156,-37.94113171,-0.02,-41.32169413,-0.00826434,STOP_LOSS,95,BULL_TREND,"BULL_TREND: state_conf=0.97, trend_strength=1.00, adx=27.7, hurst=1.00"
training,BT-202501230800-9,SHORT,2025-01-23T08:00:00+00:00,2025-01-23T14:30:00+00:00,102668.3,104721.666,0.01833895,104721.666,96508.202,-37.65657641,-0.02,-41.07956673,-0.00821591,STOP_LOSS,95,BEAR_TREND,"BEAR_TREND: state_conf=1.00, trend_strength=1.00, adx=15.2, hurst=1.00"
training,BT-202501250400-10,LONG,2025-01-25T04:00:00+00:00,2025-01-26T23:15:00+00:00,105153.9,103050.822,0.01777117,103050.822,111463.134,-37.37415666,-0.02,-40.70420149,-0.00814084,STOP_LOSS,95,BULL_TREND,"BULL_TREND: state_conf=0.97, trend_strength=1.00, adx=12.3, hurst=1.00"
training,BT-202501300800-11,LONG,2025-01-30T08:00:00+00:00,2025-01-31T18:45:00+00:00,105085.2,102983.496,0.01764942,102983.496,111390.312,-37.09385661,-0.02,-40.39892665,-0.00807979,STOP_LOSS,89,BULL_TREND,"BULL_TREND: state_conf=0.49, trend_strength=1.00, adx=11.0, hurst=1.00"
training,BT-202502030800-12,SHORT,2025-02-03T08:00:00+00:00,2025-02-03T15:15:00+00:00,95271.1,97176.522,0.01932152,97176.522,89554.834,-36.81564928,-0.02,-40.16219916,-0.00803244,STOP_LOSS,95,BEAR_TREND,"BEAR_TREND: state_conf=1.00, trend_strength=1.00, adx=31.7, hurst=1.00"
training,BT-202502070000-13,SHORT,2025-02-07T00:00:00+00:00,2025-02-07T13:30:00+00:00,96515.0,98445.3,0.01862658,98445.3,90724.1,-35.95488737,-0.02,-39.22319383,-0.00784464,STOP_LOSS,95,BEAR_TREND,"BEAR_TREND: state_conf=0.98, trend_strength=1.00, adx=23.9, hurst=1.00"
training,BT-202502072000-14,SHORT,2025-02-07T20:00:00+00:00,2025-02-09T20:00:00+00:00,96840.0,96011.4,0.0187267,98776.8,91029.6,15.51694362,0.00855638,12.26662344,0.00245332,MAX_DURATION,95,BEAR_TREND,"BEAR_TREND: state_conf=0.93, trend_strength=1.00, adx=20.2, hurst=1.00"
training,BT-202502100000-15,SHORT,2025-02-10T00:00:00+00:00,2025-02-11T05:45:00+00:00,96423.6,98352.072,0.01886791,98352.072,90638.184,-36.38623613,-0.02,-39.69375228,-0.00793875,STOP_LOSS,95,BEAR_TREND,"BEAR_TREND: state_conf=1.00, trend_strength=1.00, adx=14.3, hurst=1.00"
training,BT-202502112000-16,SHORT,2025-02-11T20:00:00+00:00,2025-02-12T16:45:00+00:00,94988.0,96887.76,0.01900943,96887.76,89288.72,-36.11335474,-0.02,-39.39606591,-0.00787921,STOP_LOSS,95,BEAR_TREND,"BEAR_TREND: state_conf=1.00, trend_strength=1.00, adx=12.5, hurst=1.00"
training,BT-202503061600-17,LONG,2025-03-06T16:00:00+00:00,2025-03-06T17:00:00+00:00,90777.9,88962.342,0.01974186,88962.342,96224.574,-35.84249186,-0.02,-39.03606505,-0.00780721,STOP_LOSS,95,BULL_TREND,"BULL_TREND: state_conf=0.94, trend_strength=1.00, adx=17.9, hurst=1.00"
training,BT-202503062000-18,LONG,2025-03-06T20:00:00+00:00,2025-03-07T00:15:00+00:00,88488.5,86718.73,0.02010073,86718.73,93797.81,-35.57366893,-0.02,-38.74328995,-0.00774866,STOP_LOSS,95,BULL_TREND,"BULL_TREND: state_conf=1.00, trend_strength=1.00, adx=16.7, hurst=1.00"
training,BT-202503070800-19,LONG,2025-03-07T08:00:00+00:00,2025-03-07T17:15:00+00:00,88308.8,86542.624,0.01999058,86542.624,93607.328,-35.30688262,-0.02,-38.45273293,-0.00769055,STOP_LOSS,95,BULL_TREND,"BULL_TREND: state_conf=1.00, trend_strength=1.00, adx=16.2, hurst=1.00"
training,BT-202503072000-20,LONG,2025-03-07T20:00:00+00:00,2025-03-07T21:00:00+00:00,87787.3,86031.554,0.01995851,86031.554,93054.538,-35.0420741,-0.02,-38.16432991,-0.00763287,STOP_LOSS,95,BULL_TREND,"BULL_TREND: state_conf=1.00, trend_strength=1.00, adx=14.5, hurst=1.00"
training,BT-202503080000-21,LONG,2025-03-08T00:00:00+00:00,2025-03-09T10:30:00+00:00,86753.8,85018.724,0.0200448,85018.724,91959.028,-34.7792514,-0.02,-37.87808966,-0.00757562,STOP_LOSS,95,BULL_TREND,"BULL_TREND: state_conf=1.00, trend_strength=1.00, adx=14.6, hurst=1.00"
training,BT-202503091200-22,SHORT,2025-03-09T12:00:00+00:00,2025-03-10T14:15:00+00:00,84990.0,79890.6,0.02030734,86689.8,79890.6,103.5552496,0.06,100.54181254,0.02010836,TAKE_PROFIT,95,BEAR_TREND,"BEAR_TREND: state_conf=0.94, trend_strength=1.00, adx=16.8, hurst=1.00"
training,BT-202503110800-23,LONG,2025-03-11T08:00:00+00:00,2025-03-13T08:00:00+00:00,80386.0,83118.6,0.0219535,78778.28,85209.16,59.9901341,0.03399348,56.75959769,0.01135192,MAX_DURATION,95,BULL_TREND,"BULL_TREND: state_conf=1.00, trend_strength=1.00, adx=35.6, hurst=1.00"
training,BT-202503142000-24,LONG,2025-03-14T20:00:00+00:00,2025-03-16T11:15:00+00:00,84504.8,82814.704,0.01218222,82814.704,89575.088,-20.58912129,-0.02,-22.42361612,-0.00448472,STOP_LOSS,95,BULL_TREND,"BULL_TREND: state_conf=0.88, trend_strength=1.00, adx=21.3, hurst=1.00"
training,BT-202503172000-25,LONG,2025-03-17T20:00:00+00:00,2025-03-18T06:00:00+00:00,84436.2,82747.476,0.02107543,82747.476,89502.372,-35.59058445,-0.02,-38.76171264,-0.00775234,STOP_LOSS,89,BULL_TREND,"BULL_TREND: state_conf=0.54, trend_strength=1.00, adx=9.8, hurst=1.00"
training,BT-202503220400-26,SHORT,2025-03-22T04:00:00+00:00,2025-03-23T23:45:00+00:00,84214.1,85898.382,0.02097253,85898.382,79161.254,-35.32365477,-0.02,-38.53458206,-0.00770692,STOP_LOSS,91,BEAR_TREND,"BEAR_TREND: state_conf=0.63, trend_strength=1.00, adx=11.5, hurst=1.00"
training,BT-202503270000-27,LONG,2025-03-27T00:00:00+00:00,2025-03-28T07:45:00+00:00,86873.9,85136.422,0.02017794,85136.422,92086.334,-35.05872684,-0.02,-38.18246641,-0.00763649,STOP_LOSS,92,BULL_TREND,"BULL_TREND: state_conf=0.61, trend_strength=1.00, adx=24.1, hurst=1.00"
training,BT-202504031200-28,LONG,2025-04-03T12:00:00+00:00,2025-04-03T14:45:00+00:00,83058.0,81396.84,0.02094668,81396.84,88041.48,-34.79578695,-0.02,-37.89609853,-0.00757922,STOP_LOSS,95,BULL_TREND,"BULL_TREND: state_conf=1.00, trend_strength=1.00, adx=18.1, hurst=1.00"
training,BT-202504040000-29,LONG,2025-04-04T00:00:00+00:00,2025-04-06T00:00:00+00:00,83181.7,83506.1,0.02075866,81518.066,88172.602,6.7341093,0.0038999,3.61991682,0.00072398,MAX_DURATION,95,BULL_TREND,"BULL_TREND: state_conf=1.00, trend_strength=1.00, adx=17.8, hurst=1.00"
training,BT-202504060400-30,LONG,2025-04-06T04:00:00+00:00,2025-04-06T17:15:00+00:00,83301.7,81635.666,0.00979828,81635.666,88299.802,-16.32426762,-0.02,-17.77876313,-0.00355575,STOP_LOSS,95,BULL_TREND,"BULL_TREND: state_conf=0.98, trend_strength=1.00, adx=9.6, hurst=1.00"
training,BT-202504140000-31,LONG,2025-04-14T00:00:00+00:00,2025-04-16T00:00:00+00:00,83713.8,83608.6,0.02058376,82039.524,88736.628,-2.16541155,-0.00125666,-5.2651237,-0.00105302,MAX_DURATION,92,BULL_TREND,"BULL_TREND: state_conf=0.63, trend_strength=1.00, adx=21.4, hurst=1.00"
training,BT-202504160400-32,LONG,2025-04-16T04:00:00+00:00,2025-04-18T04:00:00+00:00,83653.9,84790.4,0.02058879,81980.822,88673.134,23.39915983,0.01358574,20.27790663,0.00405558,MAX_DURATION,95,BULL_TREND,"BULL_TREND: state_conf=1.00, trend_strength=1.00, adx=21.5, hurst=1.00"
training,BT-202504251600-33,LONG,2025-04-25T16:00:00+00:00,2025-04-27T16:00:00+00:00,94999.8,93857.7,0.01822222,93099.804,100699.788,-20.81159746,-0.01202213,-23.90886425,-0.00478177,MAX_DURATION,95,BULL_TREND,"BULL_TREND: state_conf=1.00, trend_strength=1.00, adx=41.5, hurst=1.00"
training,BT-202504280000-34,LONG,2025-04-28T00:00:00+00:00,2025-04-30T00:00:00+00:00,93697.0,94200.1,0.0183923,91823.06,99318.82,9.25316613,0.00536944,6.14289413,0.00122858,MAX_DURATION,95,BULL_TREND,"BULL_TREND: state_conf=0.80, trend_strength=1.00, adx=39.1, hurst=1.00"
training,BT-202504300400-35,LONG,2025-04-30T04:00:00+00:00,2025-04-30T13:45:00+00:00,94989.3,93089.514,0.0181786,93089.514,100688.658,-34.53544978,-0.02,-37.61256526,-0.00752251,STOP_LOSS,91,BULL_TREND,"BULL_TREND: state_conf=0.53, trend_strength=1.00, adx=24.1, hurst=1.00"
training,BT-202504301600-36,LONG,2025-04-30T16:00:00+00:00,2025-05-02T16:00:00+00:00,93948.4,97270.1,0.01824216,92069.432,99585.304,60.59498287,0.03535664,57.45558037,0.01149112,MAX_DURATION,95,BULL_TREND,"BULL_TREND: state_conf=0.95, trend_strength=1.00, adx=21.4, hurst=1.00"
training,BT-202505022000-37,LONG,2025-05-02T20:00:00+00:00,2025-05-04T20:00:00+00:00,96856.8,95534.0,0.017929,94919.664,102668.208,-23.7164812,-0.01365728,-26.82092313,-0.00536418,MAX_DURATION,93,BULL_TREND,"BULL_TREND: state_conf=0.69, trend_strength=1.00, adx=23.4, hurst=1.00"
training,BT-202505060800-38,LONG,2025-05-06T08:00:00+00:00,2025-05-08T08:00:00+00:00,94350.0,99212.1,0.01831109,92463.0,100011.0,89.03035069,0.05153259,85.84046876,0.01716809,MAX_DURATION,95,BULL_TREND,"BULL_TREND: state_conf=0.83, trend_strength=1.00, adx=23.5, hurst=1.00"
training,BT-202505090400-39,LONG,2025-05-09T04:00:00+00:00,2025-05-11T04:00:00+00:00,102419.5,103947.8,0.01719436,100371.11,108564.67,26.27814039,0.01492196,23.08462736,0.00461693,MAX_DURATION,95,BULL_TREND,"BULL_TREND: state_conf=0.78, trend_strength=1.00, adx=35.6, hurst=1.00"
training,BT-202505231600-40,LONG,2025-05-23T16:00:00+00:00,2025-05-25T09:30:00+00:00,108892.5,106714.65,0.01626276,106714.65,115426.05,-35.41785187,-0.02,-38.57358955,-0.00771472,STOP_LOSS,95,BULL_TREND,"BULL_TREND: state_conf=0.93, trend_strength=1.00, adx=35.7, hurst=1.00"
training,BT-202507132000-41,LONG,2025-07-13T20:00:00+00:00,2025-07-15T04:00:00+00:00,118922.9,116544.442,0.00662118,116544.442,126058.274,-15.74819854,-0.02,-17.15136618,-0.00343027,STOP_LOSS,95,BULL_TREND,"BULL_TREND: state_conf=0.77, trend_strength=1.00, adx=50.5, hurst=1.00"
training,BT-202507172000-42,LONG,2025-07-17T20:00:00+00:00,2025-07-19T20:00:00+00:00,118948.8,117978.4,0.00883593,116569.824,126085.728,-8.57438647,-0.00815813,-10.45851313,-0.0020917,MAX_DURATION,95,BULL_TREND,"BULL_TREND: state_conf=0.82, trend_strength=1.00, adx=25.4, hurst=1.00"
training,BT-202508301200-43,SHORT,2025-08-30T12:00:00+00:00,2025-09-01T12:00:00+00:00,108638.6,108721.8,0.01609455,110811.372,102120.284,-1.33906656,-0.00076584,-4.48755287,-0.00089751,MAX_DURATION,92,BEAR_TREND,"BEAR_TREND: state_conf=0.60, trend_strength=1.00, adx=22.0, hurst=1.00"
training,BT-202510212000-44,SHORT,2025-10-21T20:00:00+00:00,2025-10-23T20:00:00+00:00,111720.7,110137.9,0.01364335,113955.114,105017.458,21.59469438,0.01416747,18.87049362,0.0037741,MAX_DURATION,95,BEAR_TREND,"BEAR_TREND: state_conf=1.00, trend_strength=1.00, adx=24.7, hurst=1.00"
training,BT-202510240000-45,SHORT,2025-10-24T00:00:00+00:00,2025-10-26T00:00:00+00:00,110026.0,111589.4,0.01596064,112226.52,103424.44,-24.95286458,-0.01420937,-28.13628082,-0.00562726,MAX_DURATION,95,BEAR_TREND,"BEAR_TREND: state_conf=1.00, trend_strength=1.00, adx=14.8, hurst=1.00"
training,BT-202511032000-46,LONG,2025-11-03T20:00:00+00:00,2025-11-04T05:30:00+00:00,107034.7,104894.006,0.01631927,104894.006,113456.782,-34.93456337,-0.02,-38.04723996,-0.00760945,STOP_LOSS,91,BULL_TREND,"BULL_TREND: state_conf=0.59, trend_strength=1.00, adx=20.5, hurst=1.00"
training,BT-202511040800-47,SHORT,2025-11-04T08:00:00+00:00,2025-11-06T08:00:00+00:00,104442.9,103138.6,0.01659881,106531.758,98176.326,21.64982788,0.01248816,18.54878692,0.00370976,MAX_DURATION,91,BEAR_TREND,"BEAR_TREND: state_conf=0.53, trend_strength=1.00, adx=24.5, hurst=1.00"
training,BT-202511182000-48,SHORT,2025-11-18T20:00:00+00:00,2025-11-20T16:45:00+00:00,93143.1,87554.514,0.01869968,95005.962,87554.514,104.50476985,0.06,101.46370195,0.02029274,TAKE_PROFIT,95,BEAR_TREND,"BEAR_TREND: state_conf=0.65, trend_strength=1.00, adx=42.0, hurst=1.00"
training,BT-202511230800-49,SHORT,2025-11-23T08:00:00+00:00,2025-11-23T16:00:00+00:00,85732.1,87446.742,0.02077327,87446.742,80588.174,-35.61872122,-0.02,-38.8564701,-0.00777129,STOP_LOSS,94,BEAR_TREND,"BEAR_TREND: state_conf=0.59, trend_strength=1.00, adx=43.7, hurst=1.00"
training,BT-202511232000-50,SHORT,2025-11-23T20:00:00+00:00,2025-11-24T20:45:00+00:00,87276.7,89022.234,0.02025258,89022.234,82040.098,-35.35156698,-0.02,-38.56503149,-0.00771301,STOP_LOSS,95,BEAR_TREND,"BEAR_TREND: state_conf=0.99, trend_strength=1.00, adx=38.3, hurst=1.00"
training,BT-202511250000-51,SHORT,2025-11-25T00:00:00+00:00,2025-11-26T18:00:00+00:00,88247.1,90012.042,0.01987965,90012.042,82952.274,-35.08642923,-0.02,-38.27579266,-0.00765516,STOP_LOSS,95,BEAR_TREND,"BEAR_TREND: state_conf=1.00, trend_strength=1.00, adx=27.4, hurst=1.00"
training,BT-202511271600-52,SHORT,2025-11-27T16:00:00+00:00,2025-11-28T14:15:00+00:00,90913.0,92731.26,0.01915198,92731.26,85458.22,-34.82327915,-0.02,-37.98872219,-0.00759774,STOP_LOSS,93,BEAR_TREND,"BEAR_TREND: state_conf=0.69, trend_strength=1.00, adx=20.6, hurst=1.00"
training,BT-202511281600-53,SHORT,2025-11-28T16:00:00+00:00,2025-11-30T16:00:00+00:00,92299.8,91405.9,0.01872275,94145.796,86761.812,16.73626623,0.00968474,13.64074127,0.00272815,MAX_DURATION,95,BEAR_TREND,"BEAR_TREND: state_conf=1.00, trend_strength=1.00, adx=22.6, hurst=1.00"
training,BT-202511302000-54,SHORT,2025-11-30T20:00:00+00:00,2025-12-01T04:00:00+00:00,91423.1,85937.714,0.01897094,93251.562,85937.714,104.06292868,0.06,101.03471827,0.02020694,TAKE_PROFIT,95,BEAR_TREND,"BEAR_TREND: state_conf=0.99, trend_strength=1.00, adx=18.4, hurst=1.00"
training,BT-202512020400-55,SHORT,2025-12-02T04:00:00+00:00,2025-12-02T14:15:00+00:00,86935.9,88674.618,0.020399,88674.618,81719.746,-35.46810848,-0.02,-38.69216664,-0.00773843,STOP_LOSS,95,BEAR_TREND,"BEAR_TREND: state_conf=1.00, trend_strength=1.00, adx=26.9, hurst=1.00"
training,BT-202512040400-56,SHORT,2025-12-04T04:00:00+00:00,2025-12-04T08:00:00+00:00,93500.0,95370.0,0.01882465,95370.0,87890.0,-35.2020955,-0.02,-38.40197302,-0.00768039,STOP_LOSS,95,BEAR_TREND,"BEAR_TREND: state_conf=1.00, trend_strength=1.00, adx=25.3, hurst=1.00"
training,BT-202512041200-57,SHORT,2025-12-04T12:00:00+00:00,2025-12-06T12:00:00+00:00,92954.53,89644.9,0.0187931,94813.6206,87377.2582,62.19820755,0.03560483,59.10977158,0.01182195,MAX_DURATION,95,BEAR_TREND,"BEAR_TREND: state_conf=0.94, trend_strength=1.00, adx=26.2, hurst=1.00"
training,BT-202512071600-58,LONG,2025-12-07T16:00:00+00:00,2025-12-09T16:00:00+00:00,89550.0,92936.28,0.01976804,87759.0,94923.0,66.94011849,0.03781441,63.6934754,0.0127387,MAX_DURATION,95,BULL_TREND,"BULL_TREND: state_conf=0.99, trend_strength=1.00, adx=14.3, hurst=1.00"
training,BT-202512100400-59,SHORT,2025-12-10T04:00:00+00:00,2025-12-10T20:15:00+00:00,92483.46,94333.1292,0.00512489,94333.1292,86934.4524,-9.47935119,-0.02,-10.34102611,-0.00206821,STOP_LOSS,89,BEAR_TREND,"BEAR_TREND: state_conf=0.49, trend_strength=1.00, adx=15.3, hurst=1.00"
training,BT-202512110000-60,SHORT,2025-12-11T00:00:00+00:00,2025-12-13T00:00:00+00:00,92093.63,90421.04,0.01945603,93935.5026,86568.0122,32.54196122,0.01816184,29.34605792,0.00586921,MAX_DURATION,95,BEAR_TREND,"BEAR_TREND: state_conf=1.00, trend_strength=1.00, adx=20.7, hurst=1.00"
training,BT-202512142000-61,LONG,2025-12-14T20:00:00+00:00,2025-12-15T15:15:00+00:00,88715.51,86941.1998,0.02033443,86941.1998,94038.4406,-36.07958656,-0.02,-39.29428494,-0.00785886,STOP_LOSS,95,BULL_TREND,"BULL_TREND: state_conf=1.00, trend_strength=1.00, adx=11.9, hurst=1.00"
training,BT-202512151600-62,LONG,2025-12-15T16:00:00+00:00,2025-12-17T16:00:00+00:00,86966.02,87089.08,0.02058792,85226.6996,92183.9812,2.53354944,0.00141504,-0.69153929,-0.00013831,MAX_DURATION,95,BULL_TREND,"BULL_TREND: state_conf=1.00, trend_strength=1.00, adx=14.2, hurst=1.00"
test,BT-202601041200-0,LONG,2026-01-04T12:00:00+00:00,2026-01-06T12:00:00+00:00,91207.89,93889.17,0.01249892,89383.7322,96680.3634,33.51310422,0.02939746,31.43094891,0.00628619,MAX_DURATION,95,BULL_TREND,"BULL_TREND: state_conf=1.00, trend_strength=1.00, adx=22.4, hurst=1.00"
test,BT-202601100800-1,LONG,2026-01-10T08:00:00+00:00,2026-01-12T08:00:00+00:00,90528.89,91294.13,0.009341,88718.3122,95960.6234,7.14810684,0.00845299,5.61954032,0.00112391,MAX_DURATION,93,BULL_TREND,"BULL_TREND: state_conf=0.71, trend_strength=1.00, adx=21.6, hurst=1.00"
test,BT-202601121600-2,LONG,2026-01-12T16:00:00+00:00,2026-01-14T16:00:00+00:00,91603.87,97100.1022,0.02063502,89771.7926,97100.1022,113.41486137,0.06,109.91036484,0.02198207,TAKE_PROFIT,95,BULL_TREND,"BULL_TREND: state_conf=1.00, trend_strength=1.00, adx=13.5, hurst=1.00"
test,BT-202601170800-3,LONG,2026-01-17T08:00:00+00:00,2026-01-19T00:00:00+00:00,95156.9,93253.762,0.02031149,93253.762,100866.314,-38.65556846,-0.02,-42.09978734,-0.00841996,STOP_LOSS,93,BULL_TREND,"BULL_TREND: state_conf=0.64, trend_strength=1.00, adx=23.9, hurst=1.00"
test,BT-202601190800-4,LONG,2026-01-19T08:00:00+00:00,2026-01-20T06:15:00+00:00,92802.16,90946.1168,0.02067067,90946.1168,98370.2896,-38.36565649,-0.02,-41.78404416,-0.00835681,STOP_LOSS,91,BULL_TREND,"BULL_TREND: state_conf=0.53, trend_strength=1.00, adx=20.9, hurst=1.00"
test,BT-202601220800-5,SHORT,2026-01-22T08:00:00+00:00,2026-01-24T08:00:00+00:00,89759.69,89508.61,0.01170849,91554.8838,84374.1086,2.93976767,0.00279725,1.05070327,0.00021014,MAX_DURATION,93,BEAR_TREND,"BEAR_TREND: state_conf=0.52, trend_strength=1.00, adx=40.4, hurst=1.00"
test,BT-202601260000-6,SHORT,2026-01-26T00:00:00+00:00,2026-01-26T14:30:00+00:00,86609.82,88342.0164,0.01266922,88342.0164,81413.2308,-21.94557727,-0.02,-23.94043464,-0.00478809,STOP_LOSS,93,BEAR_TREND,"BEAR_TREND: state_conf=0.53, trend_strength=1.00, adx=39.9, hurst=1.00"
test,BT-202602201600-7,SHORT,2026-02-20T16:00:00+00:00,2026-02-22T16:00:00+00:00,67527.35,67666.44,0.02808889,68877.897,63475.709,-3.90688371,-0.00205976,-7.32458364,-0.00146492,MAX_DURATION,95,BEAR_TREND,"BEAR_TREND: state_conf=1.00, trend_strength=1.00, adx=11.8, hurst=1.00"
test,BT-202602272000-8,LONG,2026-02-27T20:00:00+00:00,2026-02-28T06:30:00+00:00,65554.07,64242.9886,0.02891206,64242.9886,69487.3142,-37.9060641,-0.02,-41.28350199,-0.0082567,STOP_LOSS,91,BULL_TREND,"BULL_TREND: state_conf=0.56, trend_strength=1.00, adx=22.2, hurst=1.00"
test,BT-202602281600-9,LONG,2026-02-28T16:00:00+00:00,2026-03-02T15:15:00+00:00,64859.17,68750.7202,0.02900266,63561.9866,68750.7202,112.86530732,0.06,109.3777919,0.02187556,TAKE_PROFIT,95,BULL_TREND,"BULL_TREND: state_conf=1.00, trend_strength=1.00, adx=23.4, hurst=1.00"
test,BT-202603070400-10,LONG,2026-03-07T04:00:00+00:00,2026-03-08T04:45:00+00:00,68113.39,66751.1222,0.0282384,66751.1222,72200.1934,-38.46826304,-0.02,-41.89579297,-0.00837916,STOP_LOSS,95,BULL_TREND,"BULL_TREND: state_conf=1.00, trend_strength=1.00, adx=18.7, hurst=1.00"
test,BT-202603081600-11,LONG,2026-03-08T16:00:00+00:00,2026-03-08T22:00:00+00:00,67242.81,65897.9538,0.02838947,65897.9538,71277.3786,-38.17975474,-0.02,-41.58157853,-0.00831632,STOP_LOSS,92,BULL_TREND,"BULL_TREND: state_conf=0.58, trend_strength=1.00, adx=24.7, hurst=1.00"
test,BT-202603090000-12,LONG,2026-03-09T00:00:00+00:00,2026-03-10T02:30:00+00:00,65994.77,69954.4562,0.0287094,64674.8746,69954.4562,113.68021499,0.06,110.16751908,0.0220335,TAKE_PROFIT,95,BULL_TREND,"BULL_TREND: state_conf=0.98, trend_strength=1.00, adx=26.1, hurst=1.00"
test,BT-202603112000-13,LONG,2026-03-11T20:00:00+00:00,2026-03-13T20:00:00+00:00,70545.54,71322.12,0.02746169,69134.6292,74778.2724,21.32619922,0.01100821,17.81987036,0.00356397,MAX_DURATION,95,BULL_TREND,"BULL_TREND: state_conf=1.00, trend_strength=1.00, adx=17.9, hurst=1.00"
test,BT-202603140000-14,LONG,2026-03-14T00:00:00+00:00,2026-03-16T00:00:00+00:00,70908.39,72919.75,0.02743395,69490.2222,75162.8934,55.17954967,0.02836561,51.62836411,0.01032567,MAX_DURATION,95,BULL_TREND,"BULL_TREND: state_conf=0.99, trend_strength=1.00, adx=23.8, hurst=1.00"
test,BT-202603160400-15,LONG,2026-03-16T04:00:00+00:00,2026-03-18T04:00:00+00:00,73623.58,74422.9,0.02670326,72151.1084,78040.9948,21.34444978,0.01085685,17.78646277,0.00355729,MAX_DURATION,95,BULL_TREND,"BULL_TREND: state_conf=0.99, trend_strength=1.00, adx=34.8, hurst=1.00"
test,BT-202603180800-16,LONG,2026-03-18T08:00:00+00:00,2026-03-18T12:30:00+00:00,73982.6,72502.948,0.02668187,72502.948,78421.556,-39.47988231,-0.02,-42.99754772,-0.00859951,STOP_LOSS,95,BULL_TREND,"BULL_TREND: state_conf=1.00, trend_strength=1.00, adx=43.0, hurst=1.00"
test,BT-202603190400-17,LONG,2026-03-19T04:00:00+00:00,2026-03-19T07:15:00+00:00,71183.99,69760.3102,0.02752289,69760.3102,75455.0294,-39.18378253,-0.02,-42.67506539,-0.00853501,STOP_LOSS,94,BULL_TREND,"BULL_TREND: state_conf=0.67, trend_strength=1.00, adx=34.9, hurst=1.00"
test,BT-202603200400-18,LONG,2026-03-20T04:00:00+00:00,2026-03-21T23:45:00+00:00,70792.34,69376.4932,0.02746759,69376.4932,75039.8804,-38.88989941,-0.02,-42.35499722,-0.008471,STOP_LOSS,92,BULL_TREND,"BULL_TREND: state_conf=0.54, trend_strength=1.00, adx=34.8, hurst=1.00"
